<?xml version='1.0' encoding='utf-8'?>
<ns:inc xmlns:ns='http://noc.gov.ru/pirs-schema/2.00 xmlns:xsi=http://www.w3.org/XMLSchema-instance'>

	<adminData>
		<owner>ООО "Автоматизация и СВязь - Сервис"</owner>
		<ownerOgrn>1038602103671</ownerOgrn>
		<!--Optional:-->
		<swName></swName>
		<!--Optional:-->
		<swVersion>v1.0.0</swVersion>
		<fileDate>2021-03-14</fileDate>
		<xsdVersion>2.00</xsdVersion>
		<!--Optional:-->
		<comment></comment>
	</adminData>
	<!--Optional:-->
	<actor>
		<key>
			<fullName></fullName>
		</key>
		<contactInfo>
			<telephoneNumber></telephoneNumber>
			<!--Optional:-->
			<faxNumber></faxNumber>
			<!--Optional:-->
			<email></email>
		</contactInfo>
		<!--You have a CHOICE of the next 5 items at this level-->
		<rfCitizen>
			<!--Optional:-->
			<snils></snils>
			<!--Optional:-->
			<inn></inn>
			<!--Optional:-->
			<address></address>
			<!--Optional:-->
			<identityDocument>
				<documentType></documentType>
				<documentSerial></documentSerial>
				<documentNumber></documentNumber>
				<documentDate></documentDate>
				<documentAuthor></documentAuthor>
				<validTo></validTo>
			</identityDocument>
		</rfCitizen>
	</actor>

	<!--1 or more repetitions:-->
	<incident>
		<key>
			<fullName></fullName>
		</key>
		<ownerShortName></ownerShortName>
		<startTime></startTime>
		<reason></reason>
		<incidentDescription></incidentDescription>
		<networkType></networkType>
		<networkDomain></networkDomain>
		<affectedResourceList>
			<affectedResourcesInfo>
				<location>
					<country></country>
					<address></address>
				</location>
				<equipmentList>
					<equipmentInfo>
						<networkNodeName></networkNodeName>
						<name></name>
						<nameInNms></nameInNms>
					</equipmentInfo>
				</equipmentList>
			</affectedResourcesInfo>
		</affectedResourceList>
		<affectedServiceList>
			<affectedServiceInfo>
				<serviceName></serviceName>
				<areaList>
					<area></area>
					<area></area>
					<area></area>
					<area></area>
				</areaList>
				<affect>
					<clientCount></clientCount>
					<specialClientCount></specialClientCount>
					<criticalObjectCount></criticalObjectCount>
					<baseStationCount></baseStationCount>
				</affect>
			</affectedServiceInfo>
				<affectedServiceInfo>
				<serviceName></serviceName>
				<areaList>
					<area></area>
					<area></area>
					<area></area>
					<area></area>
				</areaList>
				<affect>
					<clientCount></clientCount>
					<specialClientCount></specialClientCount>
					<criticalObjectCount></criticalObjectCount>
					<baseStationCount></baseStationCount>
				</affect>
			</affectedServiceInfo>
		</affectedServiceList>

		<resolutionDescription></resolutionDescription>
		<!--Optional:-->
		<expectedResolutionTime></expectedResolutionTime>
		<!--Optional:-->
		<!--Optional:-->
		<responsiblePersonList>
			<responsiblePersonContact>
				<position></position>
				<fullName></fullName>
				<contactInfo>
					<telephoneNumber></telephoneNumber>
					<!--Optional:-->
					<faxNumber></faxNumber>
					<!--Optional:-->
					<email></email>
				</contactInfo>
			</responsiblePersonContact>
		</responsiblePersonList>
		<contractorList>
			<contractor></contractor>
			<contractor></contractor>
		</contractorList>
	</incident>
</ns:inc>
