﻿<?xml version="1.0" encoding="utf-8"?>
<tns:ACT221 xmlns:tns="http://noc.gov.ru/pirs-schema/1.00" xmlns:xsi="http://www.w3.org/2001/XMLSchema-instance" xsi:schemaLocation="http://noc.gov.ru/pirs-schema/1.00">
    <AdminData>
        <CarrierName>string</CarrierName>
        <SwName>name</SwName>
        <SwVersion>string</SwVersion>
        <FileDate>1980-03-16</FileDate>
        <XsdVersion>1.00</XsdVersion>
        <Comment>string</Comment>
    </AdminData>
    
    <AsOwnerData>
        <AS>
            <AsId>as1</AsId>
            <AsNumber>string</AsNumber>
            <AsIpRange>
                <IpRangeAsNumber>d</IpRangeAsNumber>
                <IpRangeOwner>actor1</IpRangeOwner>
            </AsIpRange>
            <AsResponsible>actor1</AsResponsible>
            <AsBGPRoutingInfo>
                <AsBGPRouterIpAddress></AsBGPRouterIpAddress>
                <AsBGPRouteEquipLocation>loc2</AsBGPRouteEquipLocation>
            </AsBGPRoutingInfo>
        </AS>
        <AS>
            <AsId>as2</AsId>
            <AsNumber>string</AsNumber>
            <AsResponsible>actor2</AsResponsible>
        </AS>
        
        <DnsServer>
            <DnsServerId>dns1</DnsServerId>
            <DnsServerName>string</DnsServerName>
            <DnsServerNetworkNode>nnode3</DnsServerNetworkNode>
        </DnsServer>
        <DnsServer>
            <DnsServerId>dns2</DnsServerId>
            <DnsServerName>string</DnsServerName>
            <DnsServerNetworkNode>nnode2</DnsServerNetworkNode>
        </DnsServer>

        <CrossBorderLineEqLocation>
            <CrossBorderLineCe>ce3</CrossBorderLineCe>
            <CrossBorderLineCeLocation>loc2</CrossBorderLineCeLocation>
            <CrossBorderConnectionLine>cl1</CrossBorderConnectionLine>
            <CrossBorderConnectionLine>cl2</CrossBorderConnectionLine>
        </CrossBorderLineEqLocation>
        <CrossBorderLineEqLocation>
            <CrossBorderLineCe>ce1</CrossBorderLineCe>
            <CrossBorderLineCeLocation>loc2</CrossBorderLineCeLocation>
            <CrossBorderConnectionLine>cl1</CrossBorderConnectionLine>
            <CrossBorderConnectionLine>cl2</CrossBorderConnectionLine>
        </CrossBorderLineEqLocation>

        <TrafficExchangePoint>
            <TrafficExchangePointId>tep1</TrafficExchangePointId>
            <TrafficExchangePointName>string</TrafficExchangePointName>
            <TrafficExchangePointIpAddr />
            <TrafficExchangePointLocation>loc1</TrafficExchangePointLocation>
            <TrafficExchangePointOwner>actor1</TrafficExchangePointOwner>
        </TrafficExchangePoint>
        <TrafficExchangePoint>
            <TrafficExchangePointId>tep2</TrafficExchangePointId>
            <TrafficExchangePointName>string</TrafficExchangePointName>
            <TrafficExchangePointIpAddr />
            <TrafficExchangePointLocation>loc2</TrafficExchangePointLocation>
        </TrafficExchangePoint>

        <AdjacentASCrossBorderLineEquipment>
            <AdjacentAsCe>ce1</AdjacentAsCe>
            <AdjacentAsCeLocation>loc2</AdjacentAsCeLocation>
            <AdjacentAsConnectionLine>cl2</AdjacentAsConnectionLine>
            <AdjacentAsConnectionLine>cl1</AdjacentAsConnectionLine>
        </AdjacentASCrossBorderLineEquipment>
        
        <NetworkNodeInfo>
            <Nn>nnode1</Nn>
            <NnAdjacentNn>nnode1</NnAdjacentNn>
            <NnAdjacentNn>nnode2</NnAdjacentNn>
            <NnRoutingEquipment>re2</NnRoutingEquipment>
        </NetworkNodeInfo>
        <NetworkNodeInfo>
            <Nn>nnode1</Nn>
            <NnRoutingEquipment>re1</NnRoutingEquipment>
            <NnRoutingEquipment>re2</NnRoutingEquipment>
        </NetworkNodeInfo>

        <NetworkDirection>
            <NdNNodeA>nnode2</NdNNodeA>
            <NdNNodeB>nnode2</NdNNodeB>
            <NdConnectionLine>cl1</NdConnectionLine>
            <NdConnectionLine>cl2</NdConnectionLine>
        </NetworkDirection>
        <NetworkDirection>
            <NdNNodeA>nnode1</NdNNodeA>
            <NdNNodeB>nnode3</NdNNodeB>
            <NdRoutingEquipmentA>re1</NdRoutingEquipmentA>
            <NdRoutingEquipmentA>re1</NdRoutingEquipmentA>
            <NdRoutingEquipmentB>re2</NdRoutingEquipmentB>
            <NdRoutingEquipmentB>re1</NdRoutingEquipmentB>
        </NetworkDirection>
        
        <CommunicationEquipmentInfo>
            <CommunicationEquipment>ce2</CommunicationEquipment>
            <CeConnectionLine>cl1</CeConnectionLine>
            <CeConnectionLine>cl2</CeConnectionLine>
        </CommunicationEquipmentInfo>
        <CommunicationEquipmentInfo>
            <CommunicationEquipment>ce2</CommunicationEquipment>
            <CeConnectionLine>cl2</CeConnectionLine>
        </CommunicationEquipmentInfo>

        <EmergencyCallServiceNode>
            <EcsnId>ecsn1</EcsnId>
            <EcsnNNode>nnode2</EcsnNNode>
            <EcsnJunctionPoint>
                <JunctionPointId>ejp1</JunctionPointId>
                <JunctionPointName>f</JunctionPointName>
                <JunctionType>IP</JunctionType>
                <JunctionPointLocation>loc1</JunctionPointLocation>
            </EcsnJunctionPoint>
            <EcsnJunctionPoint>
                <JunctionPointId>ejp2</JunctionPointId>
                <JunctionPointName>f</JunctionPointName>
                <JunctionType>IP</JunctionType>
                <JunctionPointLocation>loc1</JunctionPointLocation>
            </EcsnJunctionPoint>
        </EmergencyCallServiceNode>
        <EmergencyCallServiceNode>
            <EcsnId>ecsn2</EcsnId>
            <EcsnNNode>nnode2</EcsnNNode>
        </EmergencyCallServiceNode>

        <SignalingNodeInfo>
            <SignalingNode>sn2</SignalingNode>
            <SnAdjacentSigNode>sn1</SnAdjacentSigNode>
            <SnAdjacentSigNode>sn1</SnAdjacentSigNode>
        </SignalingNodeInfo>
        <SignalingNodeInfo>
            <SignalingNode>sn1</SignalingNode>
        </SignalingNodeInfo>
        
        
        <SyncGenerator>
            <SyncEquipId>sg1</SyncEquipId>
            <SyncEquipName>string</SyncEquipName>
            <SyncEquipNetworkNode>nnode1</SyncEquipNetworkNode>
        </SyncGenerator>
        <SyncGenerator>
            <SyncEquipId>sg2</SyncEquipId>
            <SyncEquipName>string</SyncEquipName>
            <SyncEquipLocation>loc1</SyncEquipLocation>
            <SyncEquipNetworkNode>nnode1</SyncEquipNetworkNode>
        </SyncGenerator>
        
        <TimeSynchronizationEquipment>
            <TimeSyncEquipId>ts1</TimeSyncEquipId>
            <TimeSyncEquipName>string</TimeSyncEquipName>
            <TimeSyncEquipNNode>nnode1</TimeSyncEquipNNode>
        </TimeSynchronizationEquipment>
        <TimeSynchronizationEquipment>
            <TimeSyncEquipId>ts2</TimeSyncEquipId>
            <TimeSyncEquipName>string</TimeSyncEquipName>
            <TimeSyncEquipLocation>loc1</TimeSyncEquipLocation>
            <TimeSyncEquipNNode>nnode2</TimeSyncEquipNNode>
        </TimeSynchronizationEquipment>
        
        <NetworkManagementSystemInfo>
            <Nms>nms1</Nms>
        </NetworkManagementSystemInfo>
        <NetworkManagementSystemInfo>
            <Nms>nms2</Nms>
            <NmsManagedNetworkNode>nnode2</NmsManagedNetworkNode>
            <NmsManagedNetworkNode>nnode1</NmsManagedNetworkNode>
        </NetworkManagementSystemInfo>
        
        <OtuActor>actor2</OtuActor>
        <OtuActor>actor1</OtuActor>

    </AsOwnerData>


    <Location>
        <LocationId>loc1</LocationId>
        <Country>string</Country>
        <QidFIAS>string</QidFIAS>
        <CoordinateX>string</CoordinateX>
        <CoordinateSystem>string</CoordinateSystem>
    </Location>
    <Location>
        <LocationId>loc2</LocationId>
        <Country>string</Country>
        <QidFIAS>string</QidFIAS>
        <CoordinateX>string</CoordinateX>
        <CoordinateSystem>string</CoordinateSystem>
    </Location>

    <Actor>
        <ActorId>actor1</ActorId>
        <ForeignCitizen>
            <FirstName>string</FirstName>
            <LastName>string</LastName>
        </ForeignCitizen>
    </Actor>
    <Actor>
        <ActorId>actor2</ActorId>
        <RFOrganization>
            <FullName>string</FullName>
        </RFOrganization>
    </Actor>
    <Actor>
        <ActorId>actor3</ActorId>
    </Actor>

    <Document>
        <DocumentId>doc1</DocumentId>
        <DocDateFrom>1983-01-03</DocDateFrom>
    </Document>
    <Document>
        <DocumentId>doc2</DocumentId>
        <DocNumber>string</DocNumber>
    </Document>

    <NetworkNode>
        <NnId>nnode1</NnId>
        <NnShortName>string</NnShortName>
        <NnAssignment>string</NnAssignment>
        <NnChannelCapacity>string</NnChannelCapacity>
    </NetworkNode>
    <NetworkNode>
        <NnId>nnode2</NnId>
        <NnName>string</NnName>
        <NnShortName>string</NnShortName>
        <NnCarrier>actor2</NnCarrier>
        <NnLocation>loc2</NnLocation>
        <NnStartOperationDate>2010-07-11</NnStartOperationDate>
        <NnAbonCapacity>string</NnAbonCapacity>
    </NetworkNode>
    <NetworkNode>
        <NnId>nnode3</NnId>
        <NnName>string</NnName>
        <NnShortName>string</NnShortName>
        <NnCarrier>actor1</NnCarrier>
        <NnOwner>actor1</NnOwner>
        <NnAssignment>string</NnAssignment>
        <NnAbonCapacity>string</NnAbonCapacity>
    </NetworkNode>


    <CommunicationEquipment>
        <CeId>ce1</CeId>
        <CeName>string</CeName>
        <CeShortName>string</CeShortName>
        <CeNNode>nnode1</CeNNode>
        <CeManufacturer>string</CeManufacturer>
        <CeStartOperationDate>2017-11-07</CeStartOperationDate>
    </CommunicationEquipment>
    <CommunicationEquipment>
        <CeId>ce2</CeId>
        <CeName>string</CeName>
        <CeShortName>string</CeShortName>
        <CeType>string</CeType>
        <CePurposeOfUse>string</CePurposeOfUse>
        <CeStartOperationDocument>doc1</CeStartOperationDocument>
    </CommunicationEquipment>
    <CommunicationEquipment>
        <CeId>ce3</CeId>
        <CeShortName>string</CeShortName>
        <CeNNode>nnode3</CeNNode>
        <CeLocation>loc2</CeLocation>
        <CeModel>string</CeModel>
        <CeStartOperationDate>1989-10-07</CeStartOperationDate>
        <CeOperationalLifeTime>1975-08-26</CeOperationalLifeTime>
        <CeStartOperationDocument>doc2</CeStartOperationDocument>
        <CeCrossBorderEquipmentUser>actor1</CeCrossBorderEquipmentUser>
    </CommunicationEquipment>


    <ConnectionLine>
        <ClId>cl1</ClId>
        <ClName>string</ClName>
        <ClLocationA>loc1</ClLocationA>
        <ClNNodeA>nnode1</ClNNodeA>
        <ClNNodeB>nnode3</ClNNodeB>
        <ClType>OTHER</ClType>
    </ConnectionLine>
    <ConnectionLine>
        <ClId>cl2</ClId>
        <ClName>string</ClName>
        <ClLocationA>loc1</ClLocationA>
        <ClLocationB>loc2</ClLocationB>
        <ClNNodeA>nnode1</ClNNodeA>
        <ClNNodeB>nnode2</ClNNodeB>
        <ClTypeOther>string</ClTypeOther>
        <ClLineEquipment>ce2</ClLineEquipment>
        <ClLineEquipment>ce3</ClLineEquipment>
        <ClLineEquipment>ce1</ClLineEquipment>
    </ConnectionLine>


    <RoutingEquipment>
        <ReId>re1</ReId>
        <ReName>string</ReName>
        <ReShortName>string</ReShortName>
        <ReModel>string</ReModel>
        <ReManufacturer>string</ReManufacturer>
        <ReType>IP L3 SWITCH</ReType>
        <ReAllocatedAccessLineCapacity>string</ReAllocatedAccessLineCapacity>
        <ReNmsManufacturer>string</ReNmsManufacturer>
        <ReCode>string</ReCode>
        <ReCeId>ce1</ReCeId>
        <ReLocation>loc1</ReLocation>
        <ReOsName>string</ReOsName>
        <ReSnmpInfo />
        <ReTrafficInfo>
            <TaRouterId>ce2</TaRouterId>
        </ReTrafficInfo>
    </RoutingEquipment>
    <RoutingEquipment>
        <ReId>re2</ReId>
        <ReShortName>string</ReShortName>
        <ReModel>string</ReModel>
        <ReType>IP L3 SWITCH</ReType>
        <OtherReType>string</OtherReType>
        <ReAllocatedConnectionLineCapacity>string</ReAllocatedConnectionLineCapacity>
        <ReMonitored>true</ReMonitored>
        <ReNmsManufacturer>string</ReNmsManufacturer>
        <ReCode>string</ReCode>
        <ReCeId>ce2</ReCeId>
        <ReLocation>loc2</ReLocation>
        <ReAsNumber>string</ReAsNumber>
        <ReOsName>string</ReOsName>
        <ReOsVersion>string</ReOsVersion>
        <ReSnmpInfo />
        <ReTrafficInfo />
    </RoutingEquipment>
    
    <SignalingNode>
        <SnId>sn1</SnId>
        <SnName>string</SnName>
        <SnShortName>string</SnShortName>
        <SnNetworkNode>nnode1</SnNetworkNode>
        <SnManufacturer>string</SnManufacturer>
        <SnStartOperationDate>1981-06-06</SnStartOperationDate>
        <SnCapacity>string</SnCapacity>
    </SignalingNode>
    <SignalingNode>
        <SnId>sn2</SnId>
        <SnShortName>string</SnShortName>
        <SnSPC>string</SnSPC>
        <SnNetworkNode>nnode1</SnNetworkNode>
        <SnLocation>loc2</SnLocation>
        <SnStartOperationDate>1981-11-06</SnStartOperationDate>
        <SnNumber>string</SnNumber>
    </SignalingNode>
    
    
    <NetworkManagementSystem>
        <NmsId>nms1</NmsId>
        <NmsName>string</NmsName>
        <NmsNetworkNode>nnode2</NmsNetworkNode>
    </NetworkManagementSystem>
    <NetworkManagementSystem>
        <NmsId>nms2</NmsId>
        <NmsName>string</NmsName>
        <NmsNetworkNode>nnode3</NmsNetworkNode>
    </NetworkManagementSystem>
</tns:ACT221>